US1ORMT0033,20110201,PRCP,0,,,N,
US1ORMT0033,20110202,PRCP,0,,,N,
US1ORMT0033,20110203,PRCP,0,,,N,
US1ORMT0033,20110204,PRCP,0,T,,N,
US1ORMT0033,20110205,PRCP,3,,,N,
US1ORMT0033,20110206,PRCP,0,T,,N,
US1ORMT0033,20110207,PRCP,36,,,N,
US1ORMT0033,20110208,PRCP,10,,,N,
US1ORMT0033,20110209,PRCP,3,,,N,
US1ORMT0033,20110210,PRCP,0,,,N,
US1ORMT0033,20110211,PRCP,0,,,N,
US1ORMT0033,20110212,PRCP,0,,,N,
US1ORMT0033,20110213,PRCP,150,,,N,
US1ORMT0033,20110214,PRCP,28,,,N,
US1ORMT0033,20110215,PRCP,173,,,N,
US1ORMT0033,20110216,PRCP,122,,,N,
US1ORMT0033,20110217,PRCP,76,,,N,
US1ORMT0033,20110218,PRCP,3,,,N,
US1ORMT0033,20110219,PRCP,41,,,N,
US1ORMT0033,20110220,PRCP,0,,,N,
US1ORMT0033,20110221,PRCP,8,,,N,
US1ORMT0033,20110222,PRCP,30,,,N,
US1ORMT0033,20110223,PRCP,0,,,N,
US1ORMT0033,20110224,PRCP,38,,,N,
US1ORMT0033,20110225,PRCP,13,,,N,
US1ORMT0033,20110226,PRCP,0,,,N,
US1ORMT0033,20110227,PRCP,0,,,N,
US1ORMT0033,20110228,PRCP,178,,,N,
US1ORMT0033,20110301,PRCP,452,,,N,
US1ORMT0033,20110302,PRCP,107,,,N,
US1ORMT0033,20110303,PRCP,33,,,N,
US1ORMT0033,20110304,PRCP,56,,,N,
US1ORMT0033,20110305,PRCP,107,,,N,
US1ORMT0033,20110306,PRCP,15,,,N,
US1ORMT0033,20110307,PRCP,0,T,,N,
US1ORMT0033,20110308,PRCP,33,,,N,
US1ORMT0033,20110309,PRCP,25,,,N,
US1ORMT0033,20110310,PRCP,305,,,N,
US1ORMT0033,20110311,PRCP,33,,,N,
US1ORMT0033,20110312,PRCP,0,T,,N,
US1ORMT0033,20110313,PRCP,71,,,N,
US1ORMT0033,20110314,PRCP,157,,,N,
US1ORMT0033,20110315,PRCP,38,,,N,
US1ORMT0033,20110316,PRCP,251,,,N,
US1ORMT0033,20110317,PRCP,102,,,N,
US1ORMT0033,20110318,PRCP,74,,,N,
US1ORMT0033,20110319,PRCP,64,,,N,
US1ORMT0033,20110320,PRCP,5,,,N,
US1ORMT0033,20110321,PRCP,8,,,N,
US1ORMT0033,20110322,PRCP,30,,,N,
US1ORMT0033,20110323,PRCP,10,,,N,
US1ORMT0033,20110324,PRCP,66,,,N,
US1ORMT0033,20110325,PRCP,64,,,N,
US1ORMT0033,20110326,PRCP,79,,,N,
US1ORMT0033,20110327,PRCP,15,,,N,
US1ORMT0033,20110328,PRCP,36,,,N,
US1ORMT0033,20110329,PRCP,46,,,N,
US1ORMT0033,20110330,PRCP,119,,,N,
US1ORMT0033,20110331,PRCP,3,,,N,
US1ORMT0033,20110401,PRCP,3,,,N,
US1ORMT0033,20110402,PRCP,76,,,N,
US1ORMT0033,20110403,PRCP,5,,,N,
US1ORMT0033,20110404,PRCP,0,T,,N,
US1ORMT0033,20110405,PRCP,208,,,N,
US1ORMT0033,20110406,PRCP,38,,,N,
US1ORMT0033,20110407,PRCP,56,,,N,
US1ORMT0033,20110408,PRCP,0,,,N,
US1ORMT0033,20110409,PRCP,0,,,N,
US1ORMT0033,20110410,PRCP,48,,,N,
US1ORMT0033,20110411,PRCP,61,,,N,
US1ORMT0033,20110412,PRCP,8,,,N,
US1ORMT0033,20110413,PRCP,15,,,N,
US1ORMT0033,20110414,PRCP,94,,,N,
US1ORMT0033,20110415,PRCP,259,,,N,
US1ORMT0033,20110416,PRCP,188,,,N,
US1ORMT0033,20110417,PRCP,0,,,N,
US1ORMT0033,20110418,PRCP,0,,,N,
US1ORMT0033,20110419,PRCP,8,,,N,
US1ORMT0033,20110420,PRCP,0,,,N,
US1ORMT0033,20110421,PRCP,0,T,,N,
US1ORMT0033,20110422,PRCP,33,,,N,
US1ORMT0033,20110423,PRCP,0,,,N,
US1ORMT0033,20110424,PRCP,33,,,N,
US1ORMT0033,20110425,PRCP,112,,,N,
US1ORMT0033,20110426,PRCP,142,,,N,
US1ORMT0033,20110427,PRCP,0,T,,N,
US1ORMT0033,20110428,PRCP,36,,,N,
US1ORMT0033,20110429,PRCP,74,,,N,
US1ORMT0033,20110430,PRCP,0,,,N,
US1ORMT0033,20110501,PRCP,0,,,N,
US1ORMT0033,20110502,PRCP,0,,,N,
US1ORMT0033,20110503,PRCP,5,,,N,
US1ORMT0033,20110504,PRCP,8,,,N,
US1ORMT0033,20110505,PRCP,5,,,N,
US1ORMT0033,20110506,PRCP,13,,,N,
US1ORMT0033,20110507,PRCP,56,,,N,
US1ORMT0033,20110508,PRCP,71,,,N,
US1ORMT0033,20110509,PRCP,0,,,N,
US1ORMT0033,20110510,PRCP,0,T,,N,
US1ORMT0033,20110511,PRCP,0,,,N,
US1ORMT0033,20110512,PRCP,61,,,N,
US1ORMT0033,20110513,PRCP,0,,,N,
US1ORMT0033,20110514,PRCP,0,,,N,
US1ORMT0033,20110515,PRCP,142,,,N,
US1ORMT0033,20110516,PRCP,64,,,N,
US1ORMT0033,20110517,PRCP,0,T,,N,
US1ORMT0033,20110518,PRCP,0,T,,N,
US1ORMT0033,20110519,PRCP,0,,,N,
US1ORMT0033,20110520,PRCP,0,,,N,
US1ORMT0033,20110521,PRCP,5,,,N,
US1ORMT0033,20110522,PRCP,0,,,N,
US1ORMT0033,20110523,PRCP,15,,,N,
US1ORMT0033,20110524,PRCP,10,,,N,
US1ORMT0033,20110525,PRCP,5,,,N,
US1ORMT0033,20110526,PRCP,53,,,N,
US1ORMT0033,20110527,PRCP,112,,,N,
US1ORMT0033,20110528,PRCP,132,,,N,
US1ORMT0033,20110529,PRCP,23,,,N,
US1ORMT0033,20110530,PRCP,5,,,N,
US1ORMT0033,20110531,PRCP,3,,,N,
US1ORMT0033,20110601,PRCP,53,,,N,
US1ORMT0033,20110602,PRCP,66,,,N,
US1ORMT0033,20110603,PRCP,18,,,N,
US1ORMT0033,20110604,PRCP,28,,,N,
US1ORMT0033,20110605,PRCP,0,,,N,
US1ORMT0033,20110606,PRCP,0,,,N,
US1ORMT0033,20110607,PRCP,0,T,,N,
US1ORMT0033,20110608,PRCP,0,,,N,
US1ORMT0033,20110609,PRCP,0,T,,N,
US1ORMT0033,20110610,PRCP,0,,,N,
US1ORMT0033,20110611,PRCP,0,T,,N,
US1ORMT0033,20110612,PRCP,0,,,N,
US1ORMT0033,20110613,PRCP,15,,,N,
US1ORMT0033,20110614,PRCP,0,T,,N,
US1ORMT0033,20110615,PRCP,3,,,N,
US1ORMT0033,20110616,PRCP,20,,,N,
US1ORMT0033,20110617,PRCP,0,,,N,
US1ORMT0033,20110618,PRCP,0,,,N,
US1ORMT0033,20110619,PRCP,56,,,N,
US1ORMT0033,20110620,PRCP,0,T,,N,
US1ORMT0033,20110621,PRCP,0,,,N,
US1ORMT0033,20110622,PRCP,0,,,N,
US1ORMT0033,20110623,PRCP,0,,,N,
US1ORMT0033,20110624,PRCP,0,,,N,
US1ORMT0033,20110625,PRCP,0,,,N,
US1ORMT0033,20110626,PRCP,0,,,N,
US1ORMT0033,20110627,PRCP,0,,,N,
US1ORMT0033,20110628,PRCP,20,,,N,
US1ORMT0033,20110629,PRCP,30,,,N,
US1ORMT0033,20110630,PRCP,0,T,,N,
US1ORMT0033,20110701,PRCP,0,T,,N,
US1ORMT0033,20110702,PRCP,0,,,N,
US1ORMT0033,20110703,PRCP,0,,,N,
US1ORMT0033,20110704,PRCP,0,,,N,
US1ORMT0033,20110705,PRCP,0,,,N,
US1ORMT0033,20110706,PRCP,0,,,N,
US1ORMT0033,20110707,PRCP,0,,,N,
US1ORMT0033,20110708,PRCP,0,T,,N,
US1ORMT0033,20110709,PRCP,0,,,N,
US1ORMT0033,20110710,PRCP,0,,,N,
US1ORMT0033,20110711,PRCP,0,,,N,
US1ORMT0033,20110712,PRCP,61,,,N,
US1ORMT0033,20110713,PRCP,8,,,N,
US1ORMT0033,20110714,PRCP,0,T,,N,
US1ORMT0033,20110715,PRCP,0,,,N,
US1ORMT0033,20110716,PRCP,28,,,N,
US1ORMT0033,20110717,PRCP,51,,,N,
US1ORMT0033,20110718,PRCP,157,,,N,
US1ORMT0033,20110719,PRCP,5,,,N,
US1ORMT0033,20110720,PRCP,36,,,N,
US1ORMT0033,20110721,PRCP,5,,,N,
US1ORMT0033,20110722,PRCP,8,,,N,
US1ORMT0033,20110723,PRCP,0,,,N,
US1ORMT0033,20110724,PRCP,0,,,N,
US1ORMT0033,20110725,PRCP,8,,,N,
US1ORMT0033,20110726,PRCP,3,,,N,
US1ORMT0033,20110727,PRCP,0,,,N,
US1ORMT0033,20110728,PRCP,0,,,N,
US1ORMT0033,20110729,PRCP,0,,,N,
US1ORMT0033,20110730,PRCP,0,,,N,
US1ORMT0033,20110731,PRCP,0,,,N,
US1ORMT0033,20110801,PRCP,0,,,N,
US1ORMT0033,20110802,PRCP,0,,,N,
US1ORMT0033,20110803,PRCP,0,,,N,
US1ORMT0033,20110804,PRCP,0,,,N,
US1ORMT0033,20110805,PRCP,0,,,N,
US1ORMT0033,20110806,PRCP,0,,,N,
US1ORMT0033,20110807,PRCP,0,,,N,
US1ORMT0033,20110808,PRCP,0,,,N,
US1ORMT0033,20110809,PRCP,0,,,N,
US1ORMT0033,20110810,PRCP,0,,,N,
US1ORMT0033,20110811,PRCP,0,,,N,
US1ORMT0033,20110812,PRCP,0,,,N,
US1ORMT0033,20110813,PRCP,0,,,N,
US1ORMT0033,20110814,PRCP,0,,,N,
US1ORMT0033,20110815,PRCP,0,,,N,
US1ORMT0033,20110816,PRCP,0,,,N,
US1ORMT0033,20110817,PRCP,0,,,N,
US1ORMT0033,20110818,PRCP,0,,,N,
US1ORMT0033,20110819,PRCP,0,,,N,
US1ORMT0033,20110820,PRCP,0,,,N,
US1ORMT0033,20110821,PRCP,0,,,N,
US1ORMT0033,20110822,PRCP,0,,,N,
US1ORMT0033,20110823,PRCP,18,,,N,
US1ORMT0033,20110824,PRCP,0,,,N,
US1ORMT0033,20110825,PRCP,0,T,,N,
US1ORMT0033,20110826,PRCP,0,T,,N,
US1ORMT0033,20110827,PRCP,0,,,N,
US1ORMT0033,20110828,PRCP,0,,,N,
US1ORMT0033,20110829,PRCP,0,,,N,
US1ORMT0033,20110830,PRCP,5,,,N,
US1ORMT0033,20110831,PRCP,0,T,,N,
US1ORMT0033,20110901,PRCP,0,,,N,
US1ORMT0033,20110902,PRCP,0,,,N,
US1ORMT0033,20110903,PRCP,0,,,N,
US1ORMT0033,20110904,PRCP,0,,,N,
US1ORMT0033,20110905,PRCP,0,,,N,
US1ORMT0033,20110906,PRCP,0,,,N,
US1ORMT0033,20110907,PRCP,0,,,N,
US1ORMT0033,20110908,PRCP,0,,,N,
US1ORMT0033,20110909,PRCP,0,,,N,
US1ORMT0033,20110910,PRCP,0,,,N,
US1ORMT0033,20110911,PRCP,0,,,N,
US1ORMT0033,20110912,PRCP,0,,,N,
US1ORMT0033,20110913,PRCP,0,,,N,
US1ORMT0033,20110914,PRCP,0,,,N,
US1ORMT0033,20110915,PRCP,0,,,N,
US1ORMT0033,20110916,PRCP,10,,,N,
US1ORMT0033,20110917,PRCP,0,T,,N,
US1ORMT0033,20110918,PRCP,33,,,N,
US1ORMT0033,20110919,PRCP,28,,,N,
US1ORMT0033,20110920,PRCP,0,,,N,
US1ORMT0033,20110921,PRCP,0,,,N,
US1ORMT0033,20110922,PRCP,0,,,N,
US1ORMT0033,20110923,PRCP,0,,,N,
US1ORMT0033,20110924,PRCP,0,,,N,
US1ORMT0033,20110925,PRCP,18,,,N,
US1ORMT0033,20110926,PRCP,89,,,N,
US1ORMT0033,20110927,PRCP,86,,,N,
US1ORMT0033,20110928,PRCP,0,T,,N,
US1ORMT0033,20110929,PRCP,0,,,N,
US1ORMT0033,20110930,PRCP,0,,,N,
US1ORMT0033,20111001,PRCP,0,,,N,
US1ORMT0033,20111002,PRCP,23,,,N,
US1ORMT0033,20111003,PRCP,41,,,N,
US1ORMT0033,20111004,PRCP,38,,,N,
US1ORMT0033,20111005,PRCP,81,,,N,
US1ORMT0033,20111006,PRCP,81,,,N,
US1ORMT0033,20111007,PRCP,8,,,N,
US1ORMT0033,20111008,PRCP,10,,,N,
US1ORMT0033,20111009,PRCP,5,,,N,
US1ORMT0033,20111010,PRCP,58,,,N,
US1ORMT0033,20111011,PRCP,109,,,N,
US1ORMT0033,20111012,PRCP,117,,,N,
US1ORMT0033,20111013,PRCP,0,T,,N,
US1ORMT0033,20111014,PRCP,20,,,N,
US1ORMT0033,20111015,PRCP,20,,,N,
US1ORMT0033,20111016,PRCP,0,,,N,
US1ORMT0033,20111017,PRCP,0,,,N,
US1ORMT0033,20111018,PRCP,0,,,N,
US1ORMT0033,20111019,PRCP,0,,,N,
US1ORMT0033,20111020,PRCP,3,,,N,
US1ORMT0033,20111021,PRCP,3,,,N,
US1ORMT0033,20111022,PRCP,0,T,,N,
US1ORMT0033,20111023,PRCP,0,,,N,
US1ORMT0033,20111024,PRCP,0,,,N,
US1ORMT0033,20111025,PRCP,0,,,N,
US1ORMT0033,20111026,PRCP,0,,,N,
US1ORMT0033,20111027,PRCP,0,,,N,
US1ORMT0033,20111028,PRCP,0,,,N,
US1ORMT0033,20111029,PRCP,74,,,N,
US1ORMT0033,20111030,PRCP,13,,,N,
US1ORMT0033,20111031,PRCP,58,,,N,
US1ORMT0033,20111101,PRCP,0,T,,N,
US1ORMT0033,20111102,PRCP,0,,,N,
US1ORMT0033,20111103,PRCP,145,,,N,
US1ORMT0033,20111104,PRCP,8,,,N,
US1ORMT0033,20111105,PRCP,53,,,N,
US1ORMT0033,20111106,PRCP,8,,,N,
US1ORMT0033,20111107,PRCP,10,,,N,
US1ORMT0033,20111108,PRCP,0,,,N,
US1ORMT0033,20111109,PRCP,8,,,N,
US1ORMT0033,20111110,PRCP,0,,,N,
US1ORMT0033,20111111,PRCP,0,T,,N,
US1ORMT0033,20111112,PRCP,69,,,N,
US1ORMT0033,20111113,PRCP,64,,,N,
US1ORMT0033,20111114,PRCP,13,,,N,
US1ORMT0033,20111115,PRCP,23,,,N,
US1ORMT0033,20111116,PRCP,3,,,N,
US1ORMT0033,20111117,PRCP,163,,,N,
US1ORMT0033,20111118,PRCP,94,,,N,
US1ORMT0033,20111119,PRCP,23,,,N,
US1ORMT0033,20111120,PRCP,0,T,,N,
US1ORMT0033,20111121,PRCP,13,,,N,
US1ORMT0033,20111122,PRCP,216,,,N,
US1ORMT0033,20111123,PRCP,640,,,N,
US1ORMT0033,20111124,PRCP,175,,,N,
US1ORMT0033,20111125,PRCP,81,,,N,
US1ORMT0033,20111126,PRCP,3,,,N,
US1ORMT0033,20111127,PRCP,0,T,,N,
US1ORMT0033,20111128,PRCP,132,,,N,
US1ORMT0033,20111129,PRCP,0,,,N,
US1ORMT0033,20111130,PRCP,25,,,N,
US1ORMT0033,20111201,PRCP,0,,,N,
US1ORMT0033,20111202,PRCP,0,,,N,
US1ORMT0033,20111203,PRCP,0,,,N,
US1ORMT0033,20111204,PRCP,0,,,N,
US1ORMT0033,20111205,PRCP,0,,,N,
US1ORMT0033,20111206,PRCP,0,,,N,
US1ORMT0033,20111207,PRCP,0,,,N,
US1ORMT0033,20111208,PRCP,0,,,N,
US1ORMT0033,20111209,PRCP,0,,,N,
US1ORMT0033,20111210,PRCP,0,,,N,
US1ORMT0033,20111211,PRCP,13,,,N,
US1ORMT0033,20111212,PRCP,0,,,N,
US1ORMT0033,20111213,PRCP,0,,,N,
US1ORMT0033,20111214,PRCP,0,,,N,
US1ORMT0033,20111215,PRCP,25,,,N,
US1ORMT0033,20111216,PRCP,8,,,N,
US1ORMT0033,20111217,PRCP,0,,,N,
US1ORMT0033,20111218,PRCP,10,,,N,
US1ORMT0033,20111219,PRCP,5,,,N,
US1ORMT0033,20111220,PRCP,0,T,,N,
US1ORMT0033,20111221,PRCP,8,,,N,
US1ORMT0033,20111222,PRCP,0,,,N,
US1ORMT0033,20111223,PRCP,0,,,N,
US1ORMT0033,20111224,PRCP,0,T,,N,
US1ORMT0033,20111225,PRCP,0,T,,N,
US1ORMT0033,20111226,PRCP,10,,,N,
US1ORMT0033,20111227,PRCP,13,,,N,
US1ORMT0033,20111228,PRCP,147,,,N,
US1ORMT0033,20111229,PRCP,231,,,N,
US1ORMT0033,20111230,PRCP,325,,,N,
US1ORMT0033,20111231,PRCP,81,,,N,
US1ORMT0033,20120101,PRCP,0,,,N,
US1ORMT0033,20120102,PRCP,0,,,N,
US1ORMT0033,20120103,PRCP,13,,,N,
US1ORMT0033,20120104,PRCP,0,,,N,
US1ORMT0033,20120105,PRCP,56,,,N,
US1ORMT0033,20120106,PRCP,10,,,N,
US1ORMT0033,20120107,PRCP,36,,,N,
US1ORMT0033,20120108,PRCP,0,,,N,
US1ORMT0033,20120109,PRCP,0,,,N,
US1ORMT0033,20120110,PRCP,97,,,N,
US1ORMT0033,20120111,PRCP,0,,,N,
US1ORMT0033,20120112,PRCP,0,,,N,
US1ORMT0033,20120113,PRCP,0,,,N,
US1ORMT0033,20120114,PRCP,0,,,N,
US1ORMT0033,20120115,PRCP,46,,,N,
US1ORMT0033,20120116,PRCP,20,,,N,
US1ORMT0033,20120117,PRCP,69,,,N,
US1ORMT0033,20120118,PRCP,323,,,N,
US1ORMT0033,20120119,PRCP,216,,,N,
US1ORMT0033,20120120,PRCP,521,,,N,
US1ORMT0033,20120121,PRCP,201,,,N,
US1ORMT0033,20120122,PRCP,25,,,N,
US1ORMT0033,20120123,PRCP,112,,,N,
US1ORMT0033,20120124,PRCP,25,,,N,
US1ORMT0033,20120125,PRCP,208,,,N,
US1ORMT0033,20120126,PRCP,28,,,N,
US1ORMT0033,20120127,PRCP,0,,,N,
US1ORMT0033,20120128,PRCP,0,,,N,
US1ORMT0033,20120129,PRCP,0,,,N,
US1ORMT0033,20120130,PRCP,188,,,N,
US1ORMT0033,20120131,PRCP,5,,,N,
US1ORMT0033,20120201,PRCP,10,,,N,
US1ORMT0033,20120202,PRCP,3,,,N,
US1ORMT0033,20120203,PRCP,0,,,N,
US1ORMT0033,20120204,PRCP,0,,,N,
US1ORMT0033,20120205,PRCP,0,,,N,
US1ORMT0033,20120206,PRCP,0,,,N,
US1ORMT0033,20120207,PRCP,0,,,N,
US1ORMT0033,20120208,PRCP,5,,,N,
US1ORMT0033,20120209,PRCP,74,,,N,
US1ORMT0033,20120210,PRCP,46,,,N,
US1ORMT0033,20120211,PRCP,51,,,N,
US1ORMT0033,20120212,PRCP,3,,,N,
US1ORMT0033,20120213,PRCP,33,,,N,
US1ORMT0033,20120214,PRCP,8,,,N,
US1ORMT0033,20120215,PRCP,41,,,N,
US1ORMT0033,20120216,PRCP,0,T,,N,
US1ORMT0033,20120217,PRCP,51,,,N,
US1ORMT0033,20120218,PRCP,102,,,N,
US1ORMT0033,20120219,PRCP,8,,,N,
US1ORMT0033,20120220,PRCP,25,,,N,
US1ORMT0033,20120221,PRCP,53,,,N,
US1ORMT0033,20120222,PRCP,51,,,N,
US1ORMT0033,20120223,PRCP,46,,,N,
US1ORMT0033,20120224,PRCP,0,T,,N,
US1ORMT0033,20120225,PRCP,147,,,N,
US1ORMT0033,20120226,PRCP,38,,,N,
US1ORMT0033,20120227,PRCP,18,,,N,
US1ORMT0033,20120228,PRCP,0,,,N,
US1ORMT0033,20120229,PRCP,119,,,N,
US1ORMT0033,20120301,PRCP,130,,,N,
US1ORMT0033,20120302,PRCP,13,,,N,
US1ORMT0033,20120303,PRCP,5,,,N,
US1ORMT0033,20120304,PRCP,0,T,,N,
US1ORMT0033,20120305,PRCP,0,,,N,
US1ORMT0033,20120306,PRCP,104,,,N,
US1ORMT0033,20120307,PRCP,0,T,,N,
US1ORMT0033,20120308,PRCP,0,,,N,
US1ORMT0033,20120309,PRCP,0,,,N,
US1ORMT0033,20120310,PRCP,0,,,N,
US1ORMT0033,20120311,PRCP,89,,,N,
US1ORMT0033,20120312,PRCP,48,,,N,
US1ORMT0033,20120313,PRCP,358,,,N,
US1ORMT0033,20120314,PRCP,36,,,N,
US1ORMT0033,20120315,PRCP,246,,,N,
US1ORMT0033,20120316,PRCP,312,,,N,
US1ORMT0033,20120317,PRCP,81,,,N,
US1ORMT0033,20120318,PRCP,5,,,N,
US1ORMT0033,20120319,PRCP,36,,,N,
US1ORMT0033,20120320,PRCP,53,,,N,
US1ORMT0033,20120321,PRCP,160,,,N,
US1ORMT0033,20120322,PRCP,221,,,N,
US1ORMT0033,20120323,PRCP,0,,,N,
US1ORMT0033,20120324,PRCP,0,,,N,
US1ORMT0033,20120325,PRCP,0,,,N,
US1ORMT0033,20120326,PRCP,0,T,,N,
US1ORMT0033,20120327,PRCP,18,,,N,
US1ORMT0033,20120328,PRCP,43,,,N,
US1ORMT0033,20120329,PRCP,64,,,N,
US1ORMT0033,20120330,PRCP,378,,,N,
US1ORMT0033,20120331,PRCP,97,,,N,
US1ORMT0033,20120401,PRCP,119,,,N,
US1ORMT0033,20120402,PRCP,20,,,N,
US1ORMT0033,20120403,PRCP,0,,,N,
US1ORMT0033,20120404,PRCP,76,,,N,
US1ORMT0033,20120405,PRCP,58,,,N,
US1ORMT0033,20120406,PRCP,89,,,N,
US1ORMT0033,20120407,PRCP,10,,,N,
US1ORMT0033,20120408,PRCP,0,,,N,
US1ORMT0033,20120409,PRCP,0,,,N,
US1ORMT0033,20120410,PRCP,0,,,N,
US1ORMT0033,20120411,PRCP,10,,,N,
US1ORMT0033,20120412,PRCP,99,,,N,
US1ORMT0033,20120413,PRCP,5,,,N,
US1ORMT0033,20120414,PRCP,8,,,N,
US1ORMT0033,20120415,PRCP,0,,,N,
US1ORMT0033,20120416,PRCP,102,,,N,
US1ORMT0033,20120417,PRCP,43,,,N,
US1ORMT0033,20120418,PRCP,69,,,N,
US1ORMT0033,20120419,PRCP,15,,,N,
US1ORMT0033,20120420,PRCP,145,,,N,
US1ORMT0033,20120421,PRCP,10,,,N,
US1ORMT0033,20120422,PRCP,0,T,,N,
US1ORMT0033,20120423,PRCP,0,,,N,
US1ORMT0033,20120424,PRCP,0,,,N,
US1ORMT0033,20120425,PRCP,3,,,N,
US1ORMT0033,20120426,PRCP,86,,,N,
US1ORMT0033,20120427,PRCP,18,,,N,
US1ORMT0033,20120428,PRCP,13,,,N,
US1ORMT0033,20120429,PRCP,5,,,N,
US1ORMT0033,20120430,PRCP,79,,,N,
US1ORMT0033,20120501,PRCP,30,,,N,
US1ORMT0033,20120502,PRCP,41,,,N,
US1ORMT0033,20120503,PRCP,135,,,N,
US1ORMT0033,20120504,PRCP,124,,,N,
US1ORMT0033,20120505,PRCP,114,,,N,
US1ORMT0033,20120506,PRCP,0,T,,N,
US1ORMT0033,20120507,PRCP,0,,,N,
US1ORMT0033,20120508,PRCP,0,,,N,
US1ORMT0033,20120509,PRCP,0,,,N,
US1ORMT0033,20120510,PRCP,0,,,N,
US1ORMT0033,20120511,PRCP,0,,,N,
US1ORMT0033,20120512,PRCP,0,,,N,
US1ORMT0033,20120513,PRCP,0,,,N,
US1ORMT0033,20120514,PRCP,0,,,N,
US1ORMT0033,20120515,PRCP,0,,,N,
US1ORMT0033,20120516,PRCP,0,,,N,
US1ORMT0033,20120517,PRCP,0,,,N,
US1ORMT0033,20120518,PRCP,0,,,N,
US1ORMT0033,20120519,PRCP,0,,,N,
US1ORMT0033,20120520,PRCP,0,,,N,
US1ORMT0033,20120521,PRCP,33,,,N,
US1ORMT0033,20120522,PRCP,104,,,N,
US1ORMT0033,20120523,PRCP,109,,,N,
US1ORMT0033,20120524,PRCP,8,,,N,
US1ORMT0033,20120525,PRCP,104,,,N,
US1ORMT0033,20120526,PRCP,56,,,N,
US1ORMT0033,20120527,PRCP,142,,,N,
US1ORMT0033,20120528,PRCP,0,T,,N,
US1ORMT0033,20120529,PRCP,0,T,,N,
US1ORMT0033,20120530,PRCP,0,,,N,
US1ORMT0033,20120531,PRCP,0,,,N,
US1ORMT0033,20120601,PRCP,13,,,N,
US1ORMT0033,20120602,PRCP,56,,,N,
US1ORMT0033,20120603,PRCP,3,,,N,
US1ORMT0033,20120604,PRCP,41,,,N,
US1ORMT0033,20120605,PRCP,241,,,N,
US1ORMT0033,20120606,PRCP,5,,,N,
US1ORMT0033,20120607,PRCP,48,,,N,
US1ORMT0033,20120608,PRCP,89,,,N,
US1ORMT0033,20120609,PRCP,112,,,N,
US1ORMT0033,20120610,PRCP,0,,,N,
US1ORMT0033,20120611,PRCP,0,,,N,
US1ORMT0033,20120612,PRCP,3,,,N,
US1ORMT0033,20120613,PRCP,30,,,N,
US1ORMT0033,20120614,PRCP,0,,,N,
US1ORMT0033,20120615,PRCP,0,,,N,
US1ORMT0033,20120616,PRCP,0,,,N,
US1ORMT0033,20120617,PRCP,0,T,,N,
US1ORMT0033,20120618,PRCP,0,T,,N,
US1ORMT0033,20120619,PRCP,13,,,N,
US1ORMT0033,20120620,PRCP,5,,,N,
US1ORMT0033,20120621,PRCP,0,,,N,
US1ORMT0033,20120622,PRCP,0,,,N,
US1ORMT0033,20120623,PRCP,76,,,N,
US1ORMT0033,20120624,PRCP,104,,,N,
US1ORMT0033,20120625,PRCP,10,,,N,
US1ORMT0033,20120626,PRCP,69,,,N,
US1ORMT0033,20120627,PRCP,46,,,N,
US1ORMT0033,20120628,PRCP,0,,,N,
US1ORMT0033,20120629,PRCP,0,,,N,
US1ORMT0033,20120630,PRCP,0,T,,N,
US1ORMT0033,20120701,PRCP,66,,,N,
US1ORMT0033,20120702,PRCP,0,T,,N,
US1ORMT0033,20120703,PRCP,10,,,N,
US1ORMT0033,20120704,PRCP,0,,,N,
US1ORMT0033,20120705,PRCP,0,,,N,
US1ORMT0033,20120706,PRCP,0,,,N,
US1ORMT0033,20120707,PRCP,0,,,N,
US1ORMT0033,20120708,PRCP,0,,,N,
US1ORMT0033,20120709,PRCP,0,,,N,
US1ORMT0033,20120710,PRCP,0,,,N,
US1ORMT0033,20120711,PRCP,0,,,N,
US1ORMT0033,20120712,PRCP,0,,,N,
US1ORMT0033,20120713,PRCP,0,,,N,
US1ORMT0033,20120714,PRCP,0,,,N,
US1ORMT0033,20120715,PRCP,28,,,N,
US1ORMT0033,20120716,PRCP,20,,,N,
US1ORMT0033,20120717,PRCP,0,,,N,
US1ORMT0033,20120718,PRCP,0,T,,N,
US1ORMT0033,20120719,PRCP,0,T,,N,
US1ORMT0033,20120720,PRCP,8,,,N,
US1ORMT0033,20120721,PRCP,3,,,N,
US1ORMT0033,20120722,PRCP,0,T,,N,
US1ORMT0033,20120723,PRCP,0,T,,N,
US1ORMT0033,20120724,PRCP,0,,,N,
US1ORMT0033,20120725,PRCP,0,,,N,
US1ORMT0033,20120726,PRCP,0,,,N,
US1ORMT0033,20120727,PRCP,0,,,N,
US1ORMT0033,20120728,PRCP,0,,,N,
US1ORMT0033,20120729,PRCP,0,,,N,
US1ORMT0033,20120730,PRCP,0,,,N,
US1ORMT0033,20120731,PRCP,0,,,N,
US1ORMT0033,20120801,PRCP,0,,,N,
US1ORMT0033,20120802,PRCP,0,,,N,
US1ORMT0033,20120803,PRCP,0,,,N,
US1ORMT0033,20120804,PRCP,0,,,N,
US1ORMT0033,20120805,PRCP,0,,,N,
US1ORMT0033,20120806,PRCP,0,T,,N,
US1ORMT0033,20120807,PRCP,0,,,N,
US1ORMT0033,20120808,PRCP,0,,,N,
US1ORMT0033,20120809,PRCP,0,,,N,
US1ORMT0033,20120810,PRCP,0,,,N,
US1ORMT0033,20120811,PRCP,0,,,N,
US1ORMT0033,20120812,PRCP,0,,,N,
US1ORMT0033,20120813,PRCP,0,,,N,
US1ORMT0033,20120814,PRCP,0,,,N,
US1ORMT0033,20120815,PRCP,0,,,N,
US1ORMT0033,20120816,PRCP,0,,,N,
US1ORMT0033,20120817,PRCP,0,,,N,
US1ORMT0033,20120818,PRCP,0,,,N,
US1ORMT0033,20120819,PRCP,0,T,,N,
US1ORMT0033,20120820,PRCP,0,T,,N,
US1ORMT0033,20120821,PRCP,0,,,N,
US1ORMT0033,20120822,PRCP,0,,,N,
US1ORMT0033,20120823,PRCP,0,,,N,
US1ORMT0033,20120824,PRCP,0,,,N,
US1ORMT0033,20120825,PRCP,0,,,N,
US1ORMT0033,20120826,PRCP,0,,,N,
US1ORMT0033,20120827,PRCP,0,,,N,
US1ORMT0033,20120828,PRCP,0,,,N,
US1ORMT0033,20120829,PRCP,0,,,N,
US1ORMT0033,20120830,PRCP,0,,,N,
US1ORMT0033,20120831,PRCP,0,,,N,
US1ORMT0033,20120901,PRCP,0,,,N,
US1ORMT0033,20120902,PRCP,0,,,N,
US1ORMT0033,20120903,PRCP,0,,,N,
US1ORMT0033,20120904,PRCP,0,,,N,
US1ORMT0033,20120905,PRCP,0,,,N,
US1ORMT0033,20120906,PRCP,0,,,N,
US1ORMT0033,20120907,PRCP,0,,,N,
US1ORMT0033,20120908,PRCP,0,,,N,
US1ORMT0033,20120909,PRCP,0,,,N,
US1ORMT0033,20120910,PRCP,8,,,N,
US1ORMT0033,20120911,PRCP,0,T,,N,
US1ORMT0033,20120912,PRCP,0,,,N,
US1ORMT0033,20120913,PRCP,0,,,N,
US1ORMT0033,20120914,PRCP,0,,,N,
US1ORMT0033,20120915,PRCP,0,T,,N,
US1ORMT0033,20120916,PRCP,0,,,N,
US1ORMT0033,20120917,PRCP,0,,,N,
US1ORMT0033,20120918,PRCP,0,,,N,
US1ORMT0033,20120919,PRCP,0,,,N,
US1ORMT0033,20120920,PRCP,0,,,N,
US1ORMT0033,20120921,PRCP,0,T,,N,
US1ORMT0033,20120922,PRCP,0,,,N,
US1ORMT0033,20120923,PRCP,0,,,N,
US1ORMT0033,20120924,PRCP,0,,,N,
US1ORMT0033,20120925,PRCP,0,,,N,
US1ORMT0033,20120926,PRCP,0,,,N,
US1ORMT0033,20120927,PRCP,0,,,N,
US1ORMT0033,20120928,PRCP,0,,,N,
US1ORMT0033,20120929,PRCP,0,,,N,
US1ORMT0033,20120930,PRCP,0,,,N,
US1ORMT0033,20121001,PRCP,0,,,N,
US1ORMT0033,20121002,PRCP,0,,,N,
US1ORMT0033,20121003,PRCP,0,,,N,
US1ORMT0033,20121004,PRCP,0,,,N,
US1ORMT0033,20121005,PRCP,0,,,N,
US1ORMT0033,20121006,PRCP,0,,,N,
US1ORMT0033,20121007,PRCP,0,,,N,
US1ORMT0033,20121008,PRCP,0,,,N,
US1ORMT0033,20121009,PRCP,0,,,N,
US1ORMT0033,20121010,PRCP,0,,,N,
US1ORMT0033,20121011,PRCP,0,,,N,
US1ORMT0033,20121012,PRCP,0,,,N,
US1ORMT0033,20121013,PRCP,259,,,N,
US1ORMT0033,20121014,PRCP,3,,,N,
US1ORMT0033,20121015,PRCP,163,,,N,
US1ORMT0033,20121016,PRCP,152,,,N,
US1ORMT0033,20121017,PRCP,20,,,N,
US1ORMT0033,20121018,PRCP,0,,,N,
US1ORMT0033,20121019,PRCP,0,,,N,
US1ORMT0033,20121020,PRCP,122,,,N,
US1ORMT0033,20121021,PRCP,81,,,N,
US1ORMT0033,20121022,PRCP,51,,,N,
US1ORMT0033,20121023,PRCP,112,,,N,
US1ORMT0033,20121024,PRCP,48,,,N,
US1ORMT0033,20121025,PRCP,23,,,N,
US1ORMT0033,20121026,PRCP,3,,,N,
US1ORMT0033,20121027,PRCP,20,,,N,
US1ORMT0033,20121028,PRCP,170,,,N,
US1ORMT0033,20121029,PRCP,264,,,N,
US1ORMT0033,20121030,PRCP,69,,,N,
US1ORMT0033,20121031,PRCP,117,,,N,
US1ORMT0033,20121101,PRCP,86,,,N,
US1ORMT0033,20121102,PRCP,58,,,N,
US1ORMT0033,20121103,PRCP,119,,,N,
US1ORMT0033,20121104,PRCP,8,,,N,
US1ORMT0033,20121105,PRCP,13,,,N,
US1ORMT0033,20121106,PRCP,8,,,N,
US1ORMT0033,20121107,PRCP,30,,,N,
US1ORMT0033,20121108,PRCP,0,T,,N,
US1ORMT0033,20121109,PRCP,0,T,,N,
US1ORMT0033,20121110,PRCP,0,,,N,
US1ORMT0033,20121111,PRCP,0,,,N,
US1ORMT0033,20121112,PRCP,338,,,N,
US1ORMT0033,20121113,PRCP,23,,,N,
US1ORMT0033,20121114,PRCP,5,,,N,
US1ORMT0033,20121115,PRCP,0,,,N,
US1ORMT0033,20121116,PRCP,0,,,N,
US1ORMT0033,20121117,PRCP,48,,,N,
US1ORMT0033,20121118,PRCP,160,,,N,
US1ORMT0033,20121119,PRCP,305,,,N,
US1ORMT0033,20121120,PRCP,495,,,N,
US1ORMT0033,20121121,PRCP,157,,,N,
US1ORMT0033,20121122,PRCP,41,,,N,
US1ORMT0033,20121123,PRCP,0,,,N,
US1ORMT0033,20121124,PRCP,396,,,N,
US1ORMT0033,20121125,PRCP,0,,,N,
US1ORMT0033,20121126,PRCP,0,,,N,
US1ORMT0033,20121127,PRCP,0,,,N,
US1ORMT0033,20121128,PRCP,0,T,,N,
US1ORMT0033,20121129,PRCP,8,,,N,
US1ORMT0033,20121130,PRCP,119,,,N,
US1ORMT0033,20121201,PRCP,236,,,N,
US1ORMT0033,20121202,PRCP,188,,,N,
US1ORMT0033,20121203,PRCP,61,,,N,
US1ORMT0033,20121204,PRCP,157,,,N,
US1ORMT0033,20121205,PRCP,254,,,N,
US1ORMT0033,20121206,PRCP,5,,,N,
US1ORMT0033,20121207,PRCP,8,,,N,
US1ORMT0033,20121208,PRCP,43,,,N,
US1ORMT0033,20121209,PRCP,38,,,N,
US1ORMT0033,20121210,PRCP,20,,,N,
US1ORMT0033,20121211,PRCP,0,T,,N,
US1ORMT0033,20121212,PRCP,69,,,N,
US1ORMT0033,20121213,PRCP,13,,,N,
US1ORMT0033,20121214,PRCP,53,,,N,
US1ORMT0033,20121215,PRCP,18,,,N,
US1ORMT0033,20121216,PRCP,109,,,N,
US1ORMT0033,20121217,PRCP,290,,,N,
US1ORMT0033,20121218,PRCP,71,,,N,
US1ORMT0033,20121219,PRCP,41,,,N,
US1ORMT0033,20121220,PRCP,239,,,N,
US1ORMT0033,20121221,PRCP,163,,,N,
US1ORMT0033,20121222,PRCP,53,,,N,
US1ORMT0033,20121223,PRCP,13,,,N,
US1ORMT0033,20121224,PRCP,137,,,N,
US1ORMT0033,20121225,PRCP,79,,,N,
US1ORMT0033,20121226,PRCP,191,,,N,
US1ORMT0033,20121227,PRCP,30,,,N,
US1ORMT0033,20121228,PRCP,3,,,N,
US1ORMT0033,20121229,PRCP,0,T,,N,
US1ORMT0033,20121230,PRCP,5,,,N,
US1ORMT0033,20130101,PRCP,0,T,,N,
US1ORMT0033,20130102,PRCP,0,,,N,
US1ORMT0033,20130103,PRCP,0,,,N,
US1ORMT0033,20130104,PRCP,8,,,N,
US1ORMT0033,20130105,PRCP,0,T,,N,
US1ORMT0033,20130106,PRCP,10,,,N,
US1ORMT0033,20130107,PRCP,122,,,N,
US1ORMT0033,20130108,PRCP,18,,,N,
US1ORMT0033,20130109,PRCP,38,,,N,
US1ORMT0033,20130110,PRCP,48,,,N,
US1ORMT0033,20130111,PRCP,23,,,N,
US1ORMT0033,20130112,PRCP,0,,,N,
US1ORMT0033,20130113,PRCP,0,,,N,
US1ORMT0033,20130114,PRCP,0,T,,N,
US1ORMT0033,20130115,PRCP,20,,,N,
US1ORMT0033,20130116,PRCP,3,,,N,
US1ORMT0033,20130117,PRCP,0,,,N,
US1ORMT0033,20130118,PRCP,0,,,N,
US1ORMT0033,20130119,PRCP,0,,,N,
US1ORMT0033,20130120,PRCP,0,,,N,
US1ORMT0033,20130121,PRCP,0,,,N,
US1ORMT0033,20130122,PRCP,0,,,N,
US1ORMT0033,20130124,PRCP,69,,,N,
US1ORMT0033,20130125,PRCP,112,,,N,
US1ORMT0033,20130126,PRCP,28,,,N,
US1ORMT0033,20130127,PRCP,8,,,N,
US1ORMT0033,20130128,PRCP,112,,,N,
US1ORMT0033,20130129,PRCP,229,,,N,
US1ORMT0033,20130130,PRCP,94,,,N,
US1ORMT0033,20130131,PRCP,25,,,N,
US1ORMT0033,20130201,PRCP,8,,,N,
US1ORMT0033,20130202,PRCP,0,,,N,
US1ORMT0033,20130203,PRCP,0,,,N,
US1ORMT0033,20130204,PRCP,0,,,N,
US1ORMT0033,20130205,PRCP,8,,,N,
US1ORMT0033,20130206,PRCP,25,,,N,
US1ORMT0033,20130207,PRCP,23,,,N,
US1ORMT0033,20130208,PRCP,8,,,N,
US1ORMT0033,20130209,PRCP,0,,,N,
US1ORMT0033,20130210,PRCP,5,,,N,
US1ORMT0033,20130211,PRCP,0,,,N,
US1ORMT0033,20130212,PRCP,8,,,N,
US1ORMT0033,20130213,PRCP,3,,,N,
US1ORMT0033,20130214,PRCP,0,T,,N,
US1ORMT0033,20130215,PRCP,0,T,,N,
US1ORMT0033,20130216,PRCP,0,,,N,
US1ORMT0033,20130217,PRCP,18,,,N,
US1ORMT0033,20130218,PRCP,3,,,N,
US1ORMT0033,20130219,PRCP,20,,,N,
US1ORMT0033,20130220,PRCP,0,T,,N,
US1ORMT0033,20130221,PRCP,23,,,N,
US1ORMT0033,20130222,PRCP,13,,,N,
US1ORMT0033,20130223,PRCP,150,,,N,
US1ORMT0033,20130224,PRCP,8,,,N,
US1ORMT0033,20130225,PRCP,20,,,N,
US1ORMT0033,20130226,PRCP,15,,,N,
US1ORMT0033,20130227,PRCP,0,T,,N,
US1ORMT0033,20130228,PRCP,56,,,N,
US1ORMT0033,20130301,PRCP,20,,,N,
US1ORMT0033,20130302,PRCP,5,,,N,
US1ORMT0033,20130303,PRCP,38,,,N,
US1ORMT0033,20130304,PRCP,3,,,N,
US1ORMT0033,20130305,PRCP,0,,,N,
US1ORMT0033,20130306,PRCP,94,,,N,
US1ORMT0033,20130307,PRCP,66,,,N,
US1ORMT0033,20130308,PRCP,0,,,N,
US1ORMT0033,20130309,PRCP,0,,,N,
US1ORMT0033,20130310,PRCP,0,,,N,
US1ORMT0033,20130311,PRCP,5,,,N,
US1ORMT0033,20130312,PRCP,0,,,N,
US1ORMT0033,20130313,PRCP,0,,,N,
US1ORMT0033,20130314,PRCP,0,,,N,
US1ORMT0033,20130315,PRCP,0,,,N,
US1ORMT0033,20130316,PRCP,0,T,,N,
US1ORMT0033,20130317,PRCP,33,,,N,
US1ORMT0033,20130318,PRCP,0,T,,N,
US1ORMT0033,20130319,PRCP,0,,,N,
US1ORMT0033,20130320,PRCP,201,,,N,
US1ORMT0033,20130321,PRCP,81,,,N,
US1ORMT0033,20130322,PRCP,15,,,N,
US1ORMT0033,20130323,PRCP,20,,,N,
US1ORMT0033,20130324,PRCP,0,,,N,
US1ORMT0033,20130325,PRCP,0,,,N,
US1ORMT0033,20130326,PRCP,0,T,,N,
US1ORMT0033,20130327,PRCP,0,T,,N,
US1ORMT0033,20130328,PRCP,0,T,,N,
US1ORMT0033,20130329,PRCP,0,,,N,
US1ORMT0033,20130330,PRCP,0,,,N,
US1ORMT0033,20130331,PRCP,0,,,N,
US1ORMT0033,20130401,PRCP,0,,,N,
US1ORMT0033,20130402,PRCP,0,T,,N,
US1ORMT0033,20130403,PRCP,0,T,,N,
US1ORMT0033,20130404,PRCP,0,T,,N,
US1ORMT0033,20130405,PRCP,53,,,N,
US1ORMT0033,20130406,PRCP,112,,,N,
US1ORMT0033,20130407,PRCP,150,,,N,
US1ORMT0033,20130408,PRCP,41,,,N,
US1ORMT0033,20130409,PRCP,10,,,N,
US1ORMT0033,20130410,PRCP,0,T,,N,
US1ORMT0033,20130411,PRCP,46,,,N,
US1ORMT0033,20130412,PRCP,0,T,,N,
US1ORMT0033,20130413,PRCP,46,,,N,
US1ORMT0033,20130414,PRCP,23,,,N,
US1ORMT0033,20130415,PRCP,25,,,N,
US1ORMT0033,20130416,PRCP,61,,,N,
US1ORMT0033,20130417,PRCP,0,T,,N,
US1ORMT0033,20130418,PRCP,13,,,N,
US1ORMT0033,20130419,PRCP,53,,,N,
US1ORMT0033,20130420,PRCP,46,,,N,
US1ORMT0033,20130421,PRCP,0,T,,N,
US1ORMT0033,20130422,PRCP,13,,,N,
US1ORMT0033,20130423,PRCP,0,,,N,
US1ORMT0033,20130424,PRCP,0,,,N,
US1ORMT0033,20130425,PRCP,0,,,N,
US1ORMT0033,20130426,PRCP,0,,,N,
US1ORMT0033,20130427,PRCP,0,,,N,
US1ORMT0033,20130428,PRCP,0,T,,N,
US1ORMT0033,20130429,PRCP,28,,,N,
US1ORMT0033,20130430,PRCP,0,T,,N,
US1ORMT0033,20130501,PRCP,5,,,N,
US1ORMT0033,20130502,PRCP,0,,,N,
US1ORMT0033,20130503,PRCP,0,,,N,
US1ORMT0033,20130504,PRCP,0,,,N,
US1ORMT0033,20130505,PRCP,0,,,N,
US1ORMT0033,20130506,PRCP,0,,,N,
US1ORMT0033,20130507,PRCP,0,,,N,
US1ORMT0033,20130508,PRCP,0,,,N,
US1ORMT0033,20130509,PRCP,0,,,N,
US1ORMT0033,20130510,PRCP,0,,,N,
US1ORMT0033,20130511,PRCP,0,,,N,
US1ORMT0033,20130512,PRCP,3,,,N,
US1ORMT0033,20130513,PRCP,51,,,N,
US1ORMT0033,20130514,PRCP,15,,,N,
US1ORMT0033,20130515,PRCP,0,,,N,
US1ORMT0033,20130516,PRCP,20,,,N,
US1ORMT0033,20130517,PRCP,46,,,N,
US1ORMT0033,20130518,PRCP,8,,,N,
US1ORMT0033,20130519,PRCP,61,,,N,
US1ORMT0033,20130520,PRCP,0,,,N,
US1ORMT0033,20130521,PRCP,8,,,N,
US1ORMT0033,20130522,PRCP,86,,,N,
US1ORMT0033,20130523,PRCP,312,,,N,
US1ORMT0033,20130524,PRCP,188,,,N,
US1ORMT0033,20130525,PRCP,13,,,N,
US1ORMT0033,20130526,PRCP,36,,,N,
US1ORMT0033,20130527,PRCP,76,,,N,
US1ORMT0033,20130528,PRCP,130,,,N,
US1ORMT0033,20130529,PRCP,132,,,N,
US1ORMT0033,20130531,PRCP,8,,,N,
US1ORMT0033,20130601,PRCP,0,,,N,
US1ORMT0033,20130602,PRCP,0,,,N,
US1ORMT0033,20130603,PRCP,0,,,N,
US1ORMT0033,20130604,PRCP,0,,,N,
US1ORMT0033,20130605,PRCP,0,,,N,
US1ORMT0033,20130606,PRCP,0,,,N,
US1ORMT0033,20130607,PRCP,0,,,N,
US1ORMT0033,20130608,PRCP,0,,,N,
US1ORMT0033,20130609,PRCP,0,,,N,
US1ORMT0033,20130610,PRCP,0,,,N,
US1ORMT0033,20130611,PRCP,0,,,N,
US1ORMT0033,20130612,PRCP,10,,,N,
US1ORMT0033,20130613,PRCP,132,,,N,
US1ORMT0033,20130614,PRCP,23,,,N,
US1ORMT0033,20130615,PRCP,0,,,N,
US1ORMT0033,20130616,PRCP,0,,,N,
US1ORMT0033,20130617,PRCP,0,,,N,
US1ORMT0033,20130618,PRCP,0,,,N,
US1ORMT0033,20130619,PRCP,0,T,,N,
US1ORMT0033,20130620,PRCP,84,,,N,
US1ORMT0033,20130621,PRCP,30,,,N,
US1ORMT0033,20130622,PRCP,0,,,N,
US1ORMT0033,20130623,PRCP,10,,,N,
US1ORMT0033,20130624,PRCP,86,,,N,
US1ORMT0033,20130625,PRCP,15,,,N,
US1ORMT0033,20130626,PRCP,76,,,N,
US1ORMT0033,20130627,PRCP,3,,,N,
US1ORMT0033,20130628,PRCP,0,,,N,
US1ORMT0033,20130629,PRCP,0,,,N,
US1ORMT0033,20130630,PRCP,0,,,N,
US1ORMT0033,20130701,PRCP,0,,,N,
US1ORMT0033,20130702,PRCP,0,,,N,
US1ORMT0033,20130703,PRCP,0,,,N,
US1ORMT0033,20130704,PRCP,0,,,N,
US1ORMT0033,20130705,PRCP,0,,,N,
US1ORMT0033,20130706,PRCP,0,,,N,
US1ORMT0033,20130707,PRCP,0,,,N,
US1ORMT0033,20130708,PRCP,0,,,N,
US1ORMT0033,20130709,PRCP,0,,,N,
US1ORMT0033,20130710,PRCP,0,,,N,
US1ORMT0033,20130711,PRCP,0,,,N,
US1ORMT0033,20130712,PRCP,0,,,N,
US1ORMT0033,20130713,PRCP,0,,,N,
US1ORMT0033,20130714,PRCP,0,,,N,
US1ORMT0033,20130715,PRCP,0,,,N,
US1ORMT0033,20130716,PRCP,0,,,N,
US1ORMT0033,20130717,PRCP,0,,,N,
US1ORMT0033,20130718,PRCP,0,,,N,
US1ORMT0033,20130719,PRCP,0,,,N,
US1ORMT0033,20130720,PRCP,0,T,,N,
US1ORMT0033,20130721,PRCP,0,T,,N,
US1ORMT0033,20130722,PRCP,0,T,,N,
US1ORMT0033,20130723,PRCP,0,,,N,
US1ORMT0033,20130724,PRCP,0,,,N,
US1ORMT0033,20130725,PRCP,0,,,N,
US1ORMT0033,20130726,PRCP,0,,,N,
US1ORMT0033,20130727,PRCP,0,,,N,
US1ORMT0033,20130728,PRCP,0,,,N,
US1ORMT0033,20130729,PRCP,0,,,N,
US1ORMT0033,20130730,PRCP,0,,,N,
US1ORMT0033,20130731,PRCP,0,,,N,
US1ORMT0033,20130801,PRCP,0,T,,N,
US1ORMT0033,20130802,PRCP,10,,,N,
US1ORMT0033,20130803,PRCP,0,,,N,
US1ORMT0033,20130804,PRCP,0,,,N,
US1ORMT0033,20130805,PRCP,0,,,N,
US1ORMT0033,20130806,PRCP,0,,,N,
US1ORMT0033,20130807,PRCP,0,,,N,
US1ORMT0033,20130808,PRCP,0,,,N,
US1ORMT0033,20130809,PRCP,0,,,N,
US1ORMT0033,20130810,PRCP,0,T,,N,
US1ORMT0033,20130811,PRCP,3,,,N,
US1ORMT0033,20130812,PRCP,0,,,N,
US1ORMT0033,20130813,PRCP,0,,,N,
US1ORMT0033,20130814,PRCP,0,,,N,
US1ORMT0033,20130815,PRCP,0,T,,N,
US1ORMT0033,20130816,PRCP,0,T,,N,
US1ORMT0033,20130817,PRCP,0,,,N,
US1ORMT0033,20130818,PRCP,0,,,N,
US1ORMT0033,20130819,PRCP,0,,,N,
US1ORMT0033,20130820,PRCP,0,,,N,
US1ORMT0033,20130821,PRCP,0,,,N,
US1ORMT0033,20130822,PRCP,0,,,N,
US1ORMT0033,20130823,PRCP,13,,,N,
US1ORMT0033,20130824,PRCP,0,,,N,
US1ORMT0033,20130825,PRCP,0,T,,N,
US1ORMT0033,20130826,PRCP,25,,,N,
US1ORMT0033,20130827,PRCP,53,,,N,
US1ORMT0033,20130828,PRCP,10,,,N,
US1ORMT0033,20130829,PRCP,61,,,N,
US1ORMT0033,20130830,PRCP,18,,,N,
US1ORMT0033,20130831,PRCP,0,,,N,
US1ORMT0033,20130901,PRCP,0,,,N,
US1ORMT0033,20130902,PRCP,0,,,N,
US1ORMT0033,20130903,PRCP,41,,,N,
US1ORMT0033,20130904,PRCP,0,,,N,
US1ORMT0033,20130905,PRCP,0,T,,N,
US1ORMT0033,20130906,PRCP,356,,,N,
US1ORMT0033,20130907,PRCP,51,,,N,
US1ORMT0033,20130908,PRCP,0,,,N,
US1ORMT0033,20130909,PRCP,0,,,N,
US1ORMT0033,20130910,PRCP,0,,,N,
US1ORMT0033,20130911,PRCP,0,,,N,
US1ORMT0033,20130912,PRCP,0,,,N,
US1ORMT0033,20130913,PRCP,0,,,N,
US1ORMT0033,20130914,PRCP,3,,,N,
US1ORMT0033,20130915,PRCP,5,,,N,
US1ORMT0033,20130916,PRCP,0,T,,N,
US1ORMT0033,20130917,PRCP,15,,,N,
US1ORMT0033,20130918,PRCP,0,T,,N,
US1ORMT0033,20130919,PRCP,0,,,N,
US1ORMT0033,20130920,PRCP,0,,,N,
US1ORMT0033,20130921,PRCP,0,,,N,
US1ORMT0033,20130922,PRCP,56,,,N,
US1ORMT0033,20130923,PRCP,132,,,N,
US1ORMT0033,20130924,PRCP,157,,,N,
US1ORMT0033,20130925,PRCP,119,,,N,
US1ORMT0033,20130926,PRCP,10,,,N,
US1ORMT0033,20130927,PRCP,0,,,N,
US1ORMT0033,20130928,PRCP,142,,,N,
US1ORMT0033,20130929,PRCP,460,,,N,
US1ORMT0033,20130930,PRCP,287,,,N,
US1ORMT0033,20131001,PRCP,119,,,N,
US1ORMT0033,20131002,PRCP,86,,,N,
US1ORMT0033,20131003,PRCP,69,,,N,
US1ORMT0033,20131004,PRCP,5,,,N,
US1ORMT0033,20131005,PRCP,0,,,N,
US1ORMT0033,20131006,PRCP,0,,,N,
US1ORMT0033,20131007,PRCP,20,,,N,
US1ORMT0033,20131008,PRCP,8,,,N,
US1ORMT0033,20131009,PRCP,15,,,N,
US1ORMT0033,20131010,PRCP,0,T,,N,
US1ORMT0033,20131011,PRCP,0,T,,N,
US1ORMT0033,20131012,PRCP,5,,,N,
US1ORMT0033,20131013,PRCP,8,,,N,
US1ORMT0033,20131014,PRCP,0,,,N,
US1ORMT0033,20131015,PRCP,0,,,N,
US1ORMT0033,20131016,PRCP,0,,,N,
US1ORMT0033,20131017,PRCP,0,,,N,
US1ORMT0033,20131018,PRCP,0,,,N,
US1ORMT0033,20131019,PRCP,0,,,N,
US1ORMT0033,20131020,PRCP,0,,,N,
US1ORMT0033,20131021,PRCP,0,,,N,
US1ORMT0033,20131022,PRCP,0,,,N,
US1ORMT0033,20131023,PRCP,0,,,N,
US1ORMT0033,20131024,PRCP,0,,,N,
US1ORMT0033,20131025,PRCP,0,T,,N,
US1ORMT0033,20131026,PRCP,0,T,,N,
US1ORMT0033,20131027,PRCP,0,T,,N,
US1ORMT0033,20131028,PRCP,30,,,N,
US1ORMT0033,20131029,PRCP,0,,,N,
US1ORMT0033,20131030,PRCP,0,,,N,
US1ORMT0033,20131031,PRCP,0,T,,N,
US1ORMT0033,20131101,PRCP,0,,,N,
US1ORMT0033,20131102,PRCP,165,,,N,
US1ORMT0033,20131103,PRCP,25,,,N,
US1ORMT0033,20131104,PRCP,18,,,N,
US1ORMT0033,20131105,PRCP,107,,,N,
US1ORMT0033,20131106,PRCP,28,,,N,
US1ORMT0033,20131107,PRCP,122,,,N,
US1ORMT0033,20131108,PRCP,122,,,N,
US1ORMT0033,20131109,PRCP,5,,,N,
US1ORMT0033,20131110,PRCP,0,T,,N,
US1ORMT0033,20131111,PRCP,0,,,N,
US1ORMT0033,20131112,PRCP,61,,,N,
US1ORMT0033,20131113,PRCP,10,,,N,
US1ORMT0033,20131114,PRCP,0,T,,N,
US1ORMT0033,20131115,PRCP,10,,,N,
US1ORMT0033,20131116,PRCP,25,,,N,
US1ORMT0033,20131117,PRCP,8,,,N,
US1ORMT0033,20131118,PRCP,0,T,,N,
US1ORMT0033,20131119,PRCP,127,,,N,
US1ORMT0033,20131120,PRCP,81,,,N,
US1ORMT0033,20131121,PRCP,0,,,N,
US1ORMT0033,20131122,PRCP,0,,,N,
US1ORMT0033,20131123,PRCP,0,,,N,
US1ORMT0033,20131124,PRCP,0,,,N,
US1ORMT0033,20131125,PRCP,0,,,N,
US1ORMT0033,20131126,PRCP,0,,,N,
US1ORMT0033,20131127,PRCP,0,,,N,
US1ORMT0033,20131128,PRCP,0,,,N,
US1ORMT0033,20131129,PRCP,0,,,N,
US1ORMT0033,20131130,PRCP,8,,,N,
US1ORMT0033,20131201,PRCP,81,,,N,
US1ORMT0033,20131202,PRCP,208,,,N,
US1ORMT0033,20131203,PRCP,10,,,N,
US1ORMT0033,20131204,PRCP,0,T,,N,
US1ORMT0033,20131205,PRCP,0,,,N,
US1ORMT0033,20131206,PRCP,0,T,,N,
US1ORMT0033,20131207,PRCP,8,,,N,
US1ORMT0033,20131208,PRCP,0,,,N,
US1ORMT0033,20131209,PRCP,0,,,N,
US1ORMT0033,20131210,PRCP,3,,,N,
US1ORMT0033,20131211,PRCP,0,,,N,
US1ORMT0033,20131212,PRCP,0,T,,N,
US1ORMT0033,20131213,PRCP,38,,,N,
US1ORMT0033,20131214,PRCP,5,,,N,
US1ORMT0033,20131215,PRCP,0,T,,N,
US1ORMT0033,20131216,PRCP,3,,,N,
US1ORMT0033,20131217,PRCP,0,T,,N,
US1ORMT0033,20131218,PRCP,0,T,,N,
US1ORMT0033,20131219,PRCP,23,,,N,
US1ORMT0033,20131220,PRCP,0,T,,N,
US1ORMT0033,20131221,PRCP,38,,,N,
US1ORMT0033,20131222,PRCP,25,,,N,
US1ORMT0033,20131223,PRCP,8,,,N,
US1ORMT0033,20131224,PRCP,61,,,N,
US1ORMT0033,20131225,PRCP,0,,,N,
US1ORMT0033,20131226,PRCP,0,,,N,
US1ORMT0033,20131227,PRCP,0,,,N,
US1ORMT0033,20131228,PRCP,0,T,,N,
US1ORMT0033,20131229,PRCP,0,,,N,
US1ORMT0033,20131231,PRCP,0,T,,N,
